Workbook

Sheet Planilha3
A3: Rótulos de Linha | B3: Contagem de CHAVE
A4: 003|000003 | B4: 1 | C4: =MID(A4,1,SEARCH("|",A4,1)-1) -> 003 | D4: =MID(A4,SEARCH("|",A4,1)+1,6) -> 000003 | E4: ="INSERT INTO ctb_filial_centro_custo (CENTRO_CUSTO,COD_FILIAL,PORCENTAGEM) VALUES ('"&TRIM(C4)&"', '"&TRIM(D4)&"',100)" -> INSERT INTO ctb_filial_centro_custo (CENTRO_CUSTO,COD_FILIAL,PORCENTAGEM) VALUES ('003', '000003',100)
A5: 003|000004 | B5: 1 | C5: =MID(A5,1,SEARCH("|",A5,1)-1) -> 003 | D5: =MID(A5,SEARCH("|",A5,1)+1,6) -> 000004 | E5: ="INSERT INTO ctb_filial_centro_custo (CENTRO_CUSTO,COD_FILIAL,PORCENTAGEM) VALUES ('"&TRIM(C5)&"', '"&TRIM(D5)&"',100)" -> INSERT INTO ctb_filial_centro_custo (CENTRO_CUSTO,COD_FILIAL,PORCENTAGEM) VALUES ('003', '000004',100)
A6: 003|000005 | B6: 1 | C6: =MID(A6,1,SEARCH("|",A6,1)-1) -> 003 | D6: =MID(A6,SEARCH("|",A6,1)+1,6) -> 000005 | E6: ="INSERT INTO ctb_filial_centro_custo (CENTRO_CUSTO,COD_FILIAL,PORCENTAGEM) VALUES ('"&TRIM(C6)&"', '"&TRIM(D6)&"',100)" -> INSERT INTO ctb_filial_centro_custo (CENTRO_CUSTO,COD_FILIAL,PORCENTAGEM) VALUES ('003', '000005',100)
A7: 003|000006 | B7: 1 | C7: =MID(A7,1,SEARCH("|",A7,1)-1) -> 003 | D7: =MID(A7,SEARCH("|",A7,1)+1,6) -> 000006 | E7: ="INSERT INTO ctb_filial_centro_custo (CENTRO_CUSTO,COD_FILIAL,PORCENTAGEM) VALUES ('"&TRIM(C7)&"', '"&TRIM(D7)&"',100)" -> INSERT INTO ctb_filial_centro_custo (CENTRO_CUSTO,COD_FILIAL,PORCENTAGEM) VALUES ('003', '000006',100)
A8: 003|000007 | B8: 1 | C8: =MID(A8,1,SEARCH("|",A8,1)-1) -> 003 | D8: =MID(A8,SEARCH("|",A8,1)+1,6) -> 000007 | E8: ="INSERT INTO ctb_filial_centro_custo (CENTRO_CUSTO,COD_FILIAL,PORCENTAGEM) VALUES ('"&TRIM(C8)&"', '"&TRIM(D8)&"',100)" -> INSERT INTO ctb_filial_centro_custo (CENTRO_CUSTO,COD_FILIAL,PORCENTAGEM) VALUES ('003', '000007',100)
A9: 003|000008 | B9: 1 | C9: =MID(A9,1,SEARCH("|",A9,1)-1) -> 003 | D9: =MID(A9,SEARCH("|",A9,1)+1,6) -> 000008 | E9: ="INSERT INTO ctb_filial_centro_custo (CENTRO_CUSTO,COD_FILIAL,PORCENTAGEM) VALUES ('"&TRIM(C9)&"', '"&TRIM(D9)&"',100)" -> INSERT INTO ctb_filial_centro_custo (CENTRO_CUSTO,COD_FILIAL,PORCENTAGEM) VALUES ('003', '000008',100)
A10: 003|000009 | B10: 1 | C10: =MID(A10,1,SEARCH("|",A10,1)-1) -> 003 | D10: =MID(A10,SEARCH("|",A10,1)+1,6) -> 000009 | E10: ="INSERT INTO ctb_filial_centro_custo (CENTRO_CUSTO,COD_FILIAL,PORCENTAGEM) VALUES ('"&TRIM(C10)&"', '"&TRIM(D10)&"',100)" -> INSERT INTO ctb_filial_centro_custo (CENTRO_CUSTO,COD_FILIAL,PORCENTAGEM) VALUES ('003', '000009',100)
A11: 003|000010 | B11: 1 | C11: =MID(A11,1,SEARCH("|",A11,1)-1) -> 003 | D11: =MID(A11,SEARCH("|",A11,1)+1,6) -> 000010 | E11: ="INSERT INTO ctb_filial_centro_custo (CENTRO_CUSTO,COD_FILIAL,PORCENTAGEM) VALUES ('"&TRIM(C11)&"', '"&TRIM(D11)&"',100)" -> INSERT INTO ctb_filial_centro_custo (CENTRO_CUSTO,COD_FILIAL,PORCENTAGEM) VALUES ('003', '000010',100)
A12: 003|000011 | B12: 1 | C12: =MID(A12,1,SEARCH("|",A12,1)-1) -> 003 | D12: =MID(A12,SEARCH("|",A12,1)+1,6) -> 000011 | E12: ="INSERT INTO ctb_filial_centro_custo (CENTRO_CUSTO,COD_FILIAL,PORCENTAGEM) VALUES ('"&TRIM(C12)&"', '"&TRIM(D12)&"',100)" -> INSERT INTO ctb_filial_centro_custo (CENTRO_CUSTO,COD_FILIAL,PORCENTAGEM) VALUES ('003', '000011',100)
A13: 003|000012 | B13: 1 | C13: =MID(A13,1,SEARCH("|",A13,1)-1) -> 003 | D13: =MID(A13,SEARCH("|",A13,1)+1,6) -> 000012 | E13: ="INSERT INTO ctb_filial_centro_custo (CENTRO_CUSTO,COD_FILIAL,PORCENTAGEM) VALUES ('"&TRIM(C13)&"', '"&TRIM(D13)&"',100)" -> INSERT INTO ctb_filial_centro_custo (CENTRO_CUSTO,COD_FILIAL,PORCENTAGEM) VALUES ('003', '000012',100)
A14: 003|000014 | B14: 1 | C14: =MID(A14,1,SEARCH("|",A14,1)-1) -> 003 | D14: =MID(A14,SEARCH("|",A14,1)+1,6) -> 000014 | E14: ="INSERT INTO ctb_filial_centro_custo (CENTRO_CUSTO,COD_FILIAL,PORCENTAGEM) VALUES ('"&TRIM(C14)&"', '"&TRIM(D14)&"',100)" -> INSERT INTO ctb_filial_centro_custo (CENTRO_CUSTO,COD_FILIAL,PORCENTAGEM) VALUES ('003', '000014',100)
A15: 003|000015 | B15: 1 | C15: =MID(A15,1,SEARCH("|",A15,1)-1) -> 003 | D15: =MID(A15,SEARCH("|",A15,1)+1,6) -> 000015 | E15: ="INSERT INTO ctb_filial_centro_custo (CENTRO_CUSTO,COD_FILIAL,PORCENTAGEM) VALUES ('"&TRIM(C15)&"', '"&TRIM(D15)&"',100)" -> INSERT INTO ctb_filial_centro_custo (CENTRO_CUSTO,COD_FILIAL,PORCENTAGEM) VALUES ('003', '000015',100)
... A157: Total Geral | B157: 209 | C157: =MID(A157,1,SEARCH("|",A157,1)-1) -> #VALUE! | D157: =MID(A157,SEARCH("|",A157,1)+1,6) -> #VALUE! | E157: ="INSERT INTO ctb_filial_centro_custo (CENTRO_CUSTO,COD_FILIAL,PORCENTAGEM) VALUES ('"&TRIM(C157)&"', '"&TRIM(D157)&"',100)" -> #VALUE!

Sheet Planilha4
A1: RATEIO_CENTRO_CUSTO | B1: RATEIO_FILIAL | C1: QTD
A2: 2.1.5 | B2: 000095 | C2: 467 | D2: ="INSERT INTO ctb_filial_centro_custo (CENTRO_CUSTO,COD_FILIAL,PORCENTAGEM) VALUES ('"&TRIM(A2)&"', '"&TRIM(B2)&"',100)" -> INSERT INTO ctb_filial_centro_custo (CENTRO_CUSTO,COD_FILIAL,PORCENTAGEM) VALUES ('2.1.5', '000095',100)
A3: 2.1.2 | B3: 000067 | C3: 1 | D3: ="INSERT INTO ctb_filial_centro_custo (CENTRO_CUSTO,COD_FILIAL,PORCENTAGEM) VALUES ('"&TRIM(A3)&"', '"&TRIM(B3)&"',100)" -> INSERT INTO ctb_filial_centro_custo (CENTRO_CUSTO,COD_FILIAL,PORCENTAGEM) VALUES ('2.1.2', '000067',100)
A4: 2.1.6 | B4: 000067 | C4: 2665 | D4: ="INSERT INTO ctb_filial_centro_custo (CENTRO_CUSTO,COD_FILIAL,PORCENTAGEM) VALUES ('"&TRIM(A4)&"', '"&TRIM(B4)&"',100)" -> INSERT INTO ctb_filial_centro_custo (CENTRO_CUSTO,COD_FILIAL,PORCENTAGEM) VALUES ('2.1.6', '000067',100)
A5: 2.1.5 | B5: 000007 | C5: 1 | D5: ="INSERT INTO ctb_filial_centro_custo (CENTRO_CUSTO,COD_FILIAL,PORCENTAGEM) VALUES ('"&TRIM(A5)&"', '"&TRIM(B5)&"',100)" -> INSERT INTO ctb_filial_centro_custo (CENTRO_CUSTO,COD_FILIAL,PORCENTAGEM) VALUES ('2.1.5', '000007',100)
A6: 2.1.4 | B6: 000062 | C6: 2 | D6: ="INSERT INTO ctb_filial_centro_custo (CENTRO_CUSTO,COD_FILIAL,PORCENTAGEM) VALUES ('"&TRIM(A6)&"', '"&TRIM(B6)&"',100)" -> INSERT INTO ctb_filial_centro_custo (CENTRO_CUSTO,COD_FILIAL,PORCENTAGEM) VALUES ('2.1.4', '000062',100)
A7: 2.1.5 | B7: 000091 | C7: 1 | D7: ="INSERT INTO ctb_filial_centro_custo (CENTRO_CUSTO,COD_FILIAL,PORCENTAGEM) VALUES ('"&TRIM(A7)&"', '"&TRIM(B7)&"',100)" -> INSERT INTO ctb_filial_centro_custo (CENTRO_CUSTO,COD_FILIAL,PORCENTAGEM) VALUES ('2.1.5', '000091',100)
A8: 2.1.4 | B8: 000090 | C8: 1 | D8: ="INSERT INTO ctb_filial_centro_custo (CENTRO_CUSTO,COD_FILIAL,PORCENTAGEM) VALUES ('"&TRIM(A8)&"', '"&TRIM(B8)&"',100)" -> INSERT INTO ctb_filial_centro_custo (CENTRO_CUSTO,COD_FILIAL,PORCENTAGEM) VALUES ('2.1.4', '000090',100)
A9: 2.1.6 | B9: 000093 | C9: 24 | D9: ="INSERT INTO ctb_filial_centro_custo (CENTRO_CUSTO,COD_FILIAL,PORCENTAGEM) VALUES ('"&TRIM(A9)&"', '"&TRIM(B9)&"',100)" -> INSERT INTO ctb_filial_centro_custo (CENTRO_CUSTO,COD_FILIAL,PORCENTAGEM) VALUES ('2.1.6', '000093',100)
A10: 2.1.3 | B10: 000092 | C10: 4392 | D10: ="INSERT INTO ctb_filial_centro_custo (CENTRO_CUSTO,COD_FILIAL,PORCENTAGEM) VALUES ('"&TRIM(A10)&"', '"&TRIM(B10)&"',100)" -> INSERT INTO ctb_filial_centro_custo (CENTRO_CUSTO,COD_FILIAL,PORCENTAGEM) VALUES ('2.1.3', '000092',100)
A11: 2.1.6 | B11: 000009 | C11: 1 | D11: ="INSERT INTO ctb_filial_centro_custo (CENTRO_CUSTO,COD_FILIAL,PORCENTAGEM) VALUES ('"&TRIM(A11)&"', '"&TRIM(B11)&"',100)" -> INSERT INTO ctb_filial_centro_custo (CENTRO_CUSTO,COD_FILIAL,PORCENTAGEM) VALUES ('2.1.6', '000009',100)
A12: 2.1.4 | B12: 000093 | C12: 1 | D12: ="INSERT INTO ctb_filial_centro_custo (CENTRO_CUSTO,COD_FILIAL,PORCENTAGEM) VALUES ('"&TRIM(A12)&"', '"&TRIM(B12)&"',100)" -> INSERT INTO ctb_filial_centro_custo (CENTRO_CUSTO,COD_FILIAL,PORCENTAGEM) VALUES ('2.1.4', '000093',100)
A13: 2.1.3 | B13: 000040 | C13: 1 | D13: ="INSERT INTO ctb_filial_centro_custo (CENTRO_CUSTO,COD_FILIAL,PORCENTAGEM) VALUES ('"&TRIM(A13)&"', '"&TRIM(B13)&"',100)" -> INSERT INTO ctb_filial_centro_custo (CENTRO_CUSTO,COD_FILIAL,PORCENTAGEM) VALUES ('2.1.3', '000040',100)
... A39: 5.5.3 | B39: 000067 | C39: 50 | D39: ="INSERT INTO ctb_filial_centro_custo (CENTRO_CUSTO,COD_FILIAL,PORCENTAGEM) VALUES ('"&TRIM(A39)&"', '"&TRIM(B39)&"',100)" -> INSERT INTO ctb_filial_centro_custo (CENTRO_CUSTO,COD_FILIAL,PORCENTAGEM) VALUES ('5.5.3', '000067',100)

Sheet Planilha1
A1: FILIAL | B1: RATEIO_CENTRO_CUSTO | C1: RATEIO_FILIAL | D1: CHAVE | E1: PESQUISA | F1: QTD | G1: SQL
A2: CD REGIS | B2: 2.1.2 | C2: 000067 | D2: =CONCATENATE(TRIM(B2),"|",TRIM(C2)) -> 2.1.2|000067 | E2: =INDEX(Planilha2!$D:$D,MATCH(D2,Planilha2!$D:$D,0),1) -> #N/A | F2: 1 | G2: ="INSERT INTO ctb_filial_centro_custo (CENTRO_CUSTO,COD_FILIAL,PORCENTAGEM) VALUES ('"&TRIM(B2)&"', '"&TRIM(C2)&"',100)" -> INSERT INTO ctb_filial_centro_custo (CENTRO_CUSTO,COD_FILIAL,PORCENTAGEM) VALUES ('2.1.2', '000067',100)
A3: JAÇANA | B3: 003 | C3: 000027 | D3: =CONCATENATE(TRIM(B3),"|",TRIM(C3)) -> 003|000027 | E3: =INDEX(Planilha2!$D:$D,MATCH(D3,Planilha2!$D:$D,0),1) -> #N/A | F3: 203 | G3: ="INSERT INTO ctb_filial_centro_custo (CENTRO_CUSTO,COD_FILIAL,PORCENTAGEM) VALUES ('"&TRIM(B3)&"', '"&TRIM(C3)&"',100)" -> INSERT INTO ctb_filial_centro_custo (CENTRO_CUSTO,COD_FILIAL,PORCENTAGEM) VALUES ('003', '000027',100)
A4: PIRASSUNUNGA | B4: 003 | C4: 000084 | D4: =CONCATENATE(TRIM(B4),"|",TRIM(C4)) -> 003|000084 | E4: =INDEX(Planilha2!$D:$D,MATCH(D4,Planilha2!$D:$D,0),1) -> #N/A | F4: 136 | G4: ="INSERT INTO ctb_filial_centro_custo (CENTRO_CUSTO,COD_FILIAL,PORCENTAGEM) VALUES ('"&TRIM(B4)&"', '"&TRIM(C4)&"',100)" -> INSERT INTO ctb_filial_centro_custo (CENTRO_CUSTO,COD_FILIAL,PORCENTAGEM) VALUES ('003', '000084',100)
A5: CARAGUATATUBA | B5: 003 | C5: 000063 | D5: =CONCATENATE(TRIM(B5),"|",TRIM(C5)) -> 003|000063 | E5: =INDEX(Planilha2!$D:$D,MATCH(D5,Planilha2!$D:$D,0),1) -> #N/A | F5: 152 | G5: ="INSERT INTO ctb_filial_centro_custo (CENTRO_CUSTO,COD_FILIAL,PORCENTAGEM) VALUES ('"&TRIM(B5)&"', '"&TRIM(C5)&"',100)" -> INSERT INTO ctb_filial_centro_custo (CENTRO_CUSTO,COD_FILIAL,PORCENTAGEM) VALUES ('003', '000063',100)
A6: ITAQUERA | B6: 3.1.5 | C6: 000067 | D6: =CONCATENATE(TRIM(B6),"|",TRIM(C6)) -> 3.1.5|000067 | E6: =INDEX(Planilha2!$D:$D,MATCH(D6,Planilha2!$D:$D,0),1) -> #N/A | F6: 2 | G6: ="INSERT INTO ctb_filial_centro_custo (CENTRO_CUSTO,COD_FILIAL,PORCENTAGEM) VALUES ('"&TRIM(B6)&"', '"&TRIM(C6)&"',100)" -> INSERT INTO ctb_filial_centro_custo (CENTRO_CUSTO,COD_FILIAL,PORCENTAGEM) VALUES ('3.1.5', '000067',100)
A7: SUMARE | B7: 3.1.5 | C7: 000019 | D7: =CONCATENATE(TRIM(B7),"|",TRIM(C7)) -> 3.1.5|000019 | E7: =INDEX(Planilha2!$D:$D,MATCH(D7,Planilha2!$D:$D,0),1) -> #N/A | F7: 26873 | G7: ="INSERT INTO ctb_filial_centro_custo (CENTRO_CUSTO,COD_FILIAL,PORCENTAGEM) VALUES ('"&TRIM(B7)&"', '"&TRIM(C7)&"',100)" -> INSERT INTO ctb_filial_centro_custo (CENTRO_CUSTO,COD_FILIAL,PORCENTAGEM) VALUES ('3.1.5', '000019',100)
A8: FRANCO DA ROCHA | B8: 3.1.5 | C8: 000008 | D8: =CONCATENATE(TRIM(B8),"|",TRIM(C8)) -> 3.1.5|000008 | E8: =INDEX(Planilha2!$D:$D,MATCH(D8,Planilha2!$D:$D,0),1) -> #N/A | F8: 33746 | G8: ="INSERT INTO ctb_filial_centro_custo (CENTRO_CUSTO,COD_FILIAL,PORCENTAGEM) VALUES ('"&TRIM(B8)&"', '"&TRIM(C8)&"',100)" -> INSERT INTO ctb_filial_centro_custo (CENTRO_CUSTO,COD_FILIAL,PORCENTAGEM) VALUES ('3.1.5', '000008',100)
A9: CD NAVEGANTES | B9: 6.1.1 | C9: 000092 | D9: =CONCATENATE(TRIM(B9),"|",TRIM(C9)) -> 6.1.1|000092 | E9: =INDEX(Planilha2!$D:$D,MATCH(D9,Planilha2!$D:$D,0),1) -> #N/A | F9: 1 | G9: ="INSERT INTO ctb_filial_centro_custo (CENTRO_CUSTO,COD_FILIAL,PORCENTAGEM) VALUES ('"&TRIM(B9)&"', '"&TRIM(C9)&"',100)" -> INSERT INTO ctb_filial_centro_custo (CENTRO_CUSTO,COD_FILIAL,PORCENTAGEM) VALUES ('6.1.1', '000092',100)
A10: COTIA | B10: 3.1.5 | C10: 000067 | D10: =CONCATENATE(TRIM(B10),"|",TRIM(C10)) -> 3.1.5|000067 | E10: =INDEX(Planilha2!$D:$D,MATCH(D10,Planilha2!$D:$D,0),1) -> #N/A | F10: 24 | G10: ="INSERT INTO ctb_filial_centro_custo (CENTRO_CUSTO,COD_FILIAL,PORCENTAGEM) VALUES ('"&TRIM(B10)&"', '"&TRIM(C10)&"',100)" -> INSERT INTO ctb_filial_centro_custo (CENTRO_CUSTO,COD_FILIAL,PORCENTAGEM) VALUES ('3.1.5', '000067',100)
A11: MOGI DAS CRUZES | B11: 3.1.5 | C11: 000067 | D11: =CONCATENATE(TRIM(B11),"|",TRIM(C11)) -> 3.1.5|000067 | E11: =INDEX(Planilha2!$D:$D,MATCH(D11,Planilha2!$D:$D,0),1) -> #N/A | F11: 8 | G11: ="INSERT INTO ctb_filial_centro_custo (CENTRO_CUSTO,COD_FILIAL,PORCENTAGEM) VALUES ('"&TRIM(B11)&"', '"&TRIM(C11)&"',100)" -> INSERT INTO ctb_filial_centro_custo (CENTRO_CUSTO,COD_FILIAL,PORCENTAGEM) VALUES ('3.1.5', '000067',100)
A12: CONTROLE DE QUALIDADE | B12: 2.1.5 | C12: 000067 | D12: =CONCATENATE(TRIM(B12),"|",TRIM(C12)) -> 2.1.5|000067 | E12: =INDEX(Planilha2!$D:$D,MATCH(D12,Planilha2!$D:$D,0),1) -> #N/A | F12: 6 | G12: ="INSERT INTO ctb_filial_centro_custo (CENTRO_CUSTO,COD_FILIAL,PORCENTAGEM) VALUES ('"&TRIM(B12)&"', '"&TRIM(C12)&"',100)" -> INSERT INTO ctb_filial_centro_custo (CENTRO_CUSTO,COD_FILIAL,PORCENTAGEM) VALUES ('2.1.5', '000067',100)
A13: CD NAVEGANTES | B13: 2.1.4 | C13: 000092 | D13: =CONCATENATE(TRIM(B13),"|",TRIM(C13)) -> 2.1.4|000092 | E13: =INDEX(Planilha2!$D:$D,MATCH(D13,Planilha2!$D:$D,0),1) -> #N/A | F13: 1341 | G13: ="INSERT INTO ctb_filial_centro_custo (CENTRO_CUSTO,COD_FILIAL,PORCENTAGEM) VALUES ('"&TRIM(B13)&"', '"&TRIM(C13)&"',100)" -> INSERT INTO ctb_filial_centro_custo (CENTRO_CUSTO,COD_FILIAL,PORCENTAGEM) VALUES ('2.1.4', '000092',100)
... A210: REGISTRO | B210: 003 | C210: 000065 | D210: =CONCATENATE(TRIM(B210),"|",TRIM(C210)) -> 003|000065 | E210: =INDEX(Planilha2!$D:$D,MATCH(D210,Planilha2!$D:$D,0),1) -> #N/A | F210: 145 | G210: ="INSERT INTO ctb_filial_centro_custo (CENTRO_CUSTO,COD_FILIAL,PORCENTAGEM) VALUES ('"&TRIM(B210)&"', '"&TRIM(C210)&"',100)" -> INSERT INTO ctb_filial_centro_custo (CENTRO_CUSTO,COD_FILIAL,PORCENTAGEM) VALUES ('003', '000065',100)

Sheet Planilha2
A1: CENTRO_CUSTO | B1: COD_FILIAL | C1: PORCENTAGEM | D1: CHAVE
A2: 002 | B2: 000002 | C2: 0.000000 | D2: =CONCATENATE(TRIM(A2),"|",TRIM(B2)) -> 002|000002
A3: 009 | B3: 000002 | C3: 0.000000 | D3: =CONCATENATE(TRIM(A3),"|",TRIM(B3)) -> 009|000002
A4: 011 | B4: 000002 | C4: 0.000000 | D4: =CONCATENATE(TRIM(A4),"|",TRIM(B4)) -> 011|000002
A5: 012 | B5: 000002 | C5: 0.000000 | D5: =CONCATENATE(TRIM(A5),"|",TRIM(B5)) -> 012|000002
A6: 002 | B6: 000003 | C6: 0.000000 | D6: =CONCATENATE(TRIM(A6),"|",TRIM(B6)) -> 002|000003
A7: 009 | B7: 000003 | C7: 0.000000 | D7: =CONCATENATE(TRIM(A7),"|",TRIM(B7)) -> 009|000003
A8: 011 | B8: 000003 | C8: 0.000000 | D8: =CONCATENATE(TRIM(A8),"|",TRIM(B8)) -> 011|000003
A9: 012 | B9: 000003 | C9: 0.000000 | D9: =CONCATENATE(TRIM(A9),"|",TRIM(B9)) -> 012|000003
A10: 002 | B10: 000004 | C10: 0.000000 | D10: =CONCATENATE(TRIM(A10),"|",TRIM(B10)) -> 002|000004
A11: 009 | B11: 000004 | C11: 0.000000 | D11: =CONCATENATE(TRIM(A11),"|",TRIM(B11)) -> 009|000004
A12: 011 | B12: 000004 | C12: 0.000000 | D12: =CONCATENATE(TRIM(A12),"|",TRIM(B12)) -> 011|000004
A13: 012 | B13: 000004 | C13: 0.000000 | D13: =CONCATENATE(TRIM(A13),"|",TRIM(B13)) -> 012|000004
... A134: 11601 | B134: 999999 | C134: 0.000000 | D134: =CONCATENATE(TRIM(A134),"|",TRIM(B134)) -> 11601|999999
